ID,Name,Sex,Age,Height,Weight,Team,NOC,Games,Year,Season,City,Sport,Event,Medal
1,A Dijiang,M,24,180,80,China,CHN,1992 Summer,1992,Summer,Barcelona,Basketball,Basketball Men's Basketball,none
2,A Lamusi,M,23,170,60,China,CHN,2012 Summer,2012,Summer,London,Judo,Judo Men's Extra-Lightweight,none
5,Christine Jacoba Aaftink,F,25,185,82,Netherlands,NED,1992 Winter,1992,Winter,Albertville,Speed Skating,"Speed Skating Women's 1,000 metres",none
5,Christine Jacoba Aaftink,F,21,185,82,Netherlands,NED,1988 Winter,1988,Winter,Calgary,Speed Skating,"Speed Skating Women's 1,000 metres",none
5,Christine Jacoba Aaftink,F,27,185,82,Netherlands,NED,1994 Winter,1994,Winter,Lillehammer,Speed Skating,"Speed Skating Women's 1,000 metres",none
5,Christine Jacoba Aaftink,F,25,185,82,Netherlands,NED,1992 Winter,1992,Winter,Albertville,Speed Skating,Speed Skating Women's 500 metres,none
5,Christine Jacoba Aaftink,F,21,185,82,Netherlands,NED,1988 Winter,1988,Winter,Calgary,Speed Skating,Speed Skating Women's 500 metres,none
5,Christine Jacoba Aaftink,F,27,185,82,Netherlands,NED,1994 Winter,1994,Winter,Lillehammer,Speed Skating,Speed Skating Women's 500 metres,none
6,Per Knut Aaland,M,31,188,75,United States,USA,1992 Winter,1992,Winter,Albertville,Cross Country Skiing,Cross Country Skiing Men's 10 kilometres,none
6,Per Knut Aaland,M,33,188,75,United States,USA,1994 Winter,1994,Winter,Lillehammer,Cross Country Skiing,Cross Country Skiing Men's 10 kilometres,none
6,Per Knut Aaland,M,31,188,75,United States,USA,1992 Winter,1992,Winter,Albertville,Cross Country Skiing,Cross Country Skiing Men's 10/15 kilometres Pursuit,none
6,Per Knut Aaland,M,33,188,75,United States,USA,1994 Winter,1994,Winter,Lillehammer,Cross Country Skiing,Cross Country Skiing Men's 10/15 kilometres Pursuit,none
6,Per Knut Aaland,M,33,188,75,United States,USA,1994 Winter,1994,Winter,Lillehammer,Cross Country Skiing,Cross Country Skiing Men's 30 kilometres,none
6,Per Knut Aaland,M,31,188,75,United States,USA,1992 Winter,1992,Winter,Albertville,Cross Country Skiing,Cross Country Skiing Men's 4 x 10 kilometres Relay,none
6,Per Knut Aaland,M,33,188,75,United States,USA,1994 Winter,1994,Winter,Lillehammer,Cross Country Skiing,Cross Country Skiing Men's 4 x 10 kilometres Relay,none
6,Per Knut Aaland,M,31,188,75,United States,USA,1992 Winter,1992,Winter,Albertville,Cross Country Skiing,Cross Country Skiing Men's 50 kilometres,none
7,John Aalberg,M,31,183,72,United States,USA,1992 Winter,1992,Winter,Albertville,Cross Country Skiing,Cross Country Skiing Men's 10 kilometres,none
7,John Aalberg,M,33,183,72,United States,USA,1994 Winter,1994,Winter,Lillehammer,Cross Country Skiing,Cross Country Skiing Men's 10 kilometres,none
7,John Aalberg,M,31,183,72,United States,USA,1992 Winter,1992,Winter,Albertville,Cross Country Skiing,Cross Country Skiing Men's 10/15 kilometres Pursuit,none
7,John Aalberg,M,33,183,72,United States,USA,1994 Winter,1994,Winter,Lillehammer,Cross Country Skiing,Cross Country Skiing Men's 10/15 kilometres Pursuit,none
7,John Aalberg,M,33,183,72,United States,USA,1994 Winter,1994,Winter,Lillehammer,Cross Country Skiing,Cross Country Skiing Men's 30 kilometres,none
7,John Aalberg,M,31,183,72,United States,USA,1992 Winter,1992,Winter,Albertville,Cross Country Skiing,Cross Country Skiing Men's 4 x 10 kilometres Relay,none
7,John Aalberg,M,33,183,72,United States,USA,1994 Winter,1994,Winter,Lillehammer,Cross Country Skiing,Cross Country Skiing Men's 4 x 10 kilometres Relay,none
7,John Aalberg,M,31,183,72,United States,USA,1992 Winter,1992,Winter,Albertville,Cross Country Skiing,Cross Country Skiing Men's 50 kilometres,none
9,Antti Sami Aalto,M,26,186,96,Finland,FIN,2002 Winter,2002,Winter,Salt Lake City,Ice Hockey,Ice Hockey Men's Ice Hockey,none
11,Jorma Ilmari Aalto,M,22,182,76.5,Finland,FIN,1980 Winter,1980,Winter,Lake Placid,Cross Country Skiing,Cross Country Skiing Men's 30 kilometres,none
12,Jyri Tapani Aalto,M,31,172,70,Finland,FIN,2000 Summer,2000,Summer,Sydney,Badminton,Badminton Men's Singles,none
13,Minna Maarit Aalto,F,30,159,55.5,Finland,FIN,1996 Summer,1996,Summer,Atlanta,Sailing,Sailing Women's Windsurfer,none
13,Minna Maarit Aalto,F,34,159,55.5,Finland,FIN,2000 Summer,2000,Summer,Sydney,Sailing,Sailing Women's Windsurfer,none
14,Pirjo Hannele Aalto (Mattila-),F,32,171,65,Finland,FIN,1994 Winter,1994,Winter,Lillehammer,Biathlon,Biathlon Women's 7.5 kilometres Sprint,none
16,Juhamatti Tapio Aaltonen,M,28,184,85,Finland,FIN,2014 Winter,2014,Winter,Sochi,Ice Hockey,Ice Hockey Men's Ice Hockey,Bronze
17,Paavo Johannes Aaltonen,M,28,175,64,Finland,FIN,1948 Summer,1948,Summer,London,Gymnastics,Gymnastics Men's Individual All-Around,Bronze
17,Paavo Johannes Aaltonen,M,32,175,64,Finland,FIN,1952 Summer,1952,Summer,Helsinki,Gymnastics,Gymnastics Men's Team All-Around,Bronze
17,Paavo Johannes Aaltonen,M,28,175,64,Finland,FIN,1948 Summer,1948,Summer,London,Gymnastics,Gymnastics Men's Horse Vault,Gold
17,Paavo Johannes Aaltonen,M,28,175,64,Finland,FIN,1948 Summer,1948,Summer,London,Gymnastics,Gymnastics Men's Pommelled Horse,Gold
17,Paavo Johannes Aaltonen,M,28,175,64,Finland,FIN,1948 Summer,1948,Summer,London,Gymnastics,Gymnastics Men's Team All-Around,Gold
17,Paavo Johannes Aaltonen,M,32,175,64,Finland,FIN,1952 Summer,1952,Summer,Helsinki,Gymnastics,Gymnastics Men's Floor Exercise,none
17,Paavo Johannes Aaltonen,M,28,175,64,Finland,FIN,1948 Summer,1948,Summer,London,Gymnastics,Gymnastics Men's Floor Exercise,none
17,Paavo Johannes Aaltonen,M,32,175,64,Finland,FIN,1952 Summer,1952,Summer,Helsinki,Gymnastics,Gymnastics Men's Horizontal Bar,none
17,Paavo Johannes Aaltonen,M,28,175,64,Finland,FIN,1948 Summer,1948,Summer,London,Gymnastics,Gymnastics Men's Horizontal Bar,none
17,Paavo Johannes Aaltonen,M,32,175,64,Finland,FIN,1952 Summer,1952,Summer,Helsinki,Gymnastics,Gymnastics Men's Horse Vault,none
17,Paavo Johannes Aaltonen,M,32,175,64,Finland,FIN,1952 Summer,1952,Summer,Helsinki,Gymnastics,Gymnastics Men's Individual All-Around,none
17,Paavo Johannes Aaltonen,M,32,175,64,Finland,FIN,1952 Summer,1952,Summer,Helsinki,Gymnastics,Gymnastics Men's Parallel Bars,none
17,Paavo Johannes Aaltonen,M,28,175,64,Finland,FIN,1948 Summer,1948,Summer,London,Gymnastics,Gymnastics Men's Parallel Bars,none
17,Paavo Johannes Aaltonen,M,32,175,64,Finland,FIN,1952 Summer,1952,Summer,Helsinki,Gymnastics,Gymnastics Men's Pommelled Horse,none
17,Paavo Johannes Aaltonen,M,32,175,64,Finland,FIN,1952 Summer,1952,Summer,Helsinki,Gymnastics,Gymnastics Men's Rings,none
17,Paavo Johannes Aaltonen,M,28,175,64,Finland,FIN,1948 Summer,1948,Summer,London,Gymnastics,Gymnastics Men's Rings,none
18,Timo Antero Aaltonen,M,31,189,130,Finland,FIN,2000 Summer,2000,Summer,Sydney,Athletics,Athletics Men's Shot Put,none
20,Kjetil Andr Aamodt,M,20,176,85,Norway,NOR,1992 Winter,1992,Winter,Albertville,Alpine Skiing,Alpine Skiing Men's Giant Slalom,Bronze
20,Kjetil Andr Aamodt,M,22,176,85,Norway,NOR,1994 Winter,1994,Winter,Lillehammer,Alpine Skiing,Alpine Skiing Men's Super G,Bronze
20,Kjetil Andr Aamodt,M,30,176,85,Norway,NOR,2002 Winter,2002,Winter,Salt Lake City,Alpine Skiing,Alpine Skiing Men's Combined,Gold
20,Kjetil Andr Aamodt,M,20,176,85,Norway,NOR,1992 Winter,1992,Winter,Albertville,Alpine Skiing,Alpine Skiing Men's Super G,Gold
20,Kjetil Andr Aamodt,M,30,176,85,Norway,NOR,2002 Winter,2002,Winter,Salt Lake City,Alpine Skiing,Alpine Skiing Men's Super G,Gold
20,Kjetil Andr Aamodt,M,34,176,85,Norway,NOR,2006 Winter,2006,Winter,Torino,Alpine Skiing,Alpine Skiing Men's Super G,Gold
20,Kjetil Andr Aamodt,M,26,176,85,Norway,NOR,1998 Winter,1998,Winter,Nagano,Alpine Skiing,Alpine Skiing Men's Combined,none
20,Kjetil Andr Aamodt,M,20,176,85,Norway,NOR,1992 Winter,1992,Winter,Albertville,Alpine Skiing,Alpine Skiing Men's Downhill,none
20,Kjetil Andr Aamodt,M,26,176,85,Norway,NOR,1998 Winter,1998,Winter,Nagano,Alpine Skiing,Alpine Skiing Men's Downhill,none
20,Kjetil Andr Aamodt,M,30,176,85,Norway,NOR,2002 Winter,2002,Winter,Salt Lake City,Alpine Skiing,Alpine Skiing Men's Downhill,none
20,Kjetil Andr Aamodt,M,34,176,85,Norway,NOR,2006 Winter,2006,Winter,Torino,Alpine Skiing,Alpine Skiing Men's Downhill,none
20,Kjetil Andr Aamodt,M,22,176,85,Norway,NOR,1994 Winter,1994,Winter,Lillehammer,Alpine Skiing,Alpine Skiing Men's Giant Slalom,none
20,Kjetil Andr Aamodt,M,26,176,85,Norway,NOR,1998 Winter,1998,Winter,Nagano,Alpine Skiing,Alpine Skiing Men's Giant Slalom,none
20,Kjetil Andr Aamodt,M,30,176,85,Norway,NOR,2002 Winter,2002,Winter,Salt Lake City,Alpine Skiing,Alpine Skiing Men's Giant Slalom,none
20,Kjetil Andr Aamodt,M,20,176,85,Norway,NOR,1992 Winter,1992,Winter,Albertville,Alpine Skiing,Alpine Skiing Men's Slalom,none
20,Kjetil Andr Aamodt,M,22,176,85,Norway,NOR,1994 Winter,1994,Winter,Lillehammer,Alpine Skiing,Alpine Skiing Men's Slalom,none
20,Kjetil Andr Aamodt,M,30,176,85,Norway,NOR,2002 Winter,2002,Winter,Salt Lake City,Alpine Skiing,Alpine Skiing Men's Slalom,none
20,Kjetil Andr Aamodt,M,26,176,85,Norway,NOR,1998 Winter,1998,Winter,Nagano,Alpine Skiing,Alpine Skiing Men's Super G,none
20,Kjetil Andr Aamodt,M,22,176,85,Norway,NOR,1994 Winter,1994,Winter,Lillehammer,Alpine Skiing,Alpine Skiing Men's Combined,Silver
20,Kjetil Andr Aamodt,M,22,176,85,Norway,NOR,1994 Winter,1994,Winter,Lillehammer,Alpine Skiing,Alpine Skiing Men's Downhill,Silver
22,Andreea Aanei,F,22,170,125,Romania,ROU,2016 Summer,2016,Summer,Rio de Janeiro,Weightlifting,Weightlifting Women's Super-Heavyweight,none
23,Fritz Aanes,M,26,187,89,Norway,NOR,2004 Summer,2004,Summer,Athina,Wrestling,"Wrestling Men's Light-Heavyweight, Greco-Roman",none
23,Fritz Aanes,M,22,187,89,Norway,NOR,2000 Summer,2000,Summer,Sydney,Wrestling,"Wrestling Men's Light-Heavyweight, Greco-Roman",none
26,Agnes Erika Aanonsen (-Eyde),F,17,169,65,Norway,NOR,1984 Winter,1984,Winter,Sarajevo,Luge,Luge Women's Singles,none
28,Jan-Erik Aarberg,M,43,170,77,Norway,NOR,1968 Summer,1968,Summer,Mexico City,Sailing,Sailing Mixed Three Person Keelboat,none
28,Jan-Erik Aarberg,M,47,170,77,Norway,NOR,1972 Summer,1972,Summer,Munich,Sailing,Sailing Mixed Three Person Keelboat,none
30,Pepijn Aardewijn,M,30,189,72,Netherlands,NED,2000 Summer,2000,Summer,Sydney,Rowing,Rowing Men's Lightweight Double Sculls,none
30,Pepijn Aardewijn,M,26,189,72,Netherlands,NED,1996 Summer,1996,Summer,Atlanta,Rowing,Rowing Men's Lightweight Double Sculls,Silver
31,Evald rma (rman-),M,24,174,70,Estonia,EST,1936 Summer,1936,Summer,Berlin,Athletics,Athletics Men's Pole Vault,none
33,Mika Lauri Aarnikka,M,28,187,76,Finland,FIN,1996 Summer,1996,Summer,Atlanta,Sailing,Sailing Men's Two Person Dinghy,none
33,Mika Lauri Aarnikka,M,24,187,76,Finland,FIN,1992 Summer,1992,Summer,Barcelona,Sailing,Sailing Men's Two Person Dinghy,none
34,Jamale (Djamel-) Aarrass (Ahrass-),M,30,187,76,France,FRA,2012 Summer,2012,Summer,London,Athletics,"Athletics Men's 1,500 metres",none
35,Dagfinn Sverre Aarskog,M,24,190,98,Norway,NOR,1998 Winter,1998,Winter,Nagano,Bobsleigh,Bobsleigh Men's Four,none
36,Stefan Remco Aartsen,M,21,194,78,Netherlands,NED,1996 Summer,1996,Summer,Atlanta,Swimming,Swimming Men's 100 metres Butterfly,none
36,Stefan Remco Aartsen,M,25,194,78,Netherlands,NED,2000 Summer,2000,Summer,Sydney,Swimming,Swimming Men's 100 metres Butterfly,none
36,Stefan Remco Aartsen,M,21,194,78,Netherlands,NED,1996 Summer,1996,Summer,Atlanta,Swimming,Swimming Men's 200 metres Butterfly,none
36,Stefan Remco Aartsen,M,25,194,78,Netherlands,NED,2000 Summer,2000,Summer,Sydney,Swimming,Swimming Men's 200 metres Butterfly,none
36,Stefan Remco Aartsen,M,21,194,78,Netherlands,NED,1996 Summer,1996,Summer,Atlanta,Swimming,Swimming Men's 4 x 100 metres Medley Relay,none
37,Ann Kristin Aarnes,F,23,182,64,Norway,NOR,1996 Summer,1996,Summer,Atlanta,Football,Football Women's Football,Bronze
43,Morten Gjerdrum Aasen,M,34,185,75,Norway,NOR,1992 Summer,1992,Summer,Barcelona,Equestrianism,"Equestrianism Mixed Jumping, Individual",none
44,Meelis Aasme,M,29,182,73,Estonia,EST,2002 Winter,2002,Winter,Salt Lake City,Cross Country Skiing,Cross Country Skiing Men's 15 kilometres,none
44,Meelis Aasme,M,25,182,73,Estonia,EST,1998 Winter,1998,Winter,Nagano,Cross Country Skiing,Cross Country Skiing Men's 30 kilometres,none
44,Meelis Aasme,M,29,182,73,Estonia,EST,2002 Winter,2002,Winter,Salt Lake City,Cross Country Skiing,Cross Country Skiing Men's 4 x 10 kilometres Relay,none
44,Meelis Aasme,M,25,182,73,Estonia,EST,1998 Winter,1998,Winter,Nagano,Cross Country Skiing,Cross Country Skiing Men's 50 kilometres,none
44,Meelis Aasme,M,29,182,73,Estonia,EST,2002 Winter,2002,Winter,Salt Lake City,Cross Country Skiing,Cross Country Skiing Men's 50 kilometres,none
46,Hans Aasns,M,33,194,93,Norway,NOR,1936 Summer,1936,Summer,Berlin,Shooting,"Shooting Men's Rapid-Fire Pistol, 25 metres",none
46,Hans Aasns,M,45,194,93,Norway,NOR,1948 Summer,1948,Summer,London,Shooting,"Shooting Men's Rapid-Fire Pistol, 25 metres",none
46,Hans Aasns,M,49,194,93,Norway,NOR,1952 Summer,1952,Summer,Helsinki,Shooting,Shooting Men's Trap,none
46,Hans Aasns,M,53,194,93,Norway,NOR,1956 Summer,1956,Summer,Melbourne,Shooting,Shooting Men's Trap,none
46,Hans Aasns,M,57,194,93,Norway,NOR,1960 Summer,1960,Summer,Roma,Shooting,Shooting Men's Trap,none
47,Erling Rudolf Aastad,M,22,177,74,Norway,NOR,1920 Summer,1920,Summer,Antwerpen,Athletics,Athletics Men's 4 x 100 metres Relay,none
47,Erling Rudolf Aastad,M,30,177,74,Norway,NOR,1928 Summer,1928,Summer,Amsterdam,Athletics,Athletics Men's Long Jump,none
47,Erling Rudolf Aastad,M,22,177,74,Norway,NOR,1920 Summer,1920,Summer,Antwerpen,Athletics,Athletics Men's Long Jump,none
47,Erling Rudolf Aastad,M,26,177,74,Norway,NOR,1924 Summer,1924,Summer,Paris,Athletics,Athletics Men's Long Jump,none
49,Moonika Aava,F,24,168,65,Estonia,EST,2004 Summer,2004,Summer,Athina,Athletics,Athletics Women's Javelin Throw,none
49,Moonika Aava,F,28,168,65,Estonia,EST,2008 Summer,2008,Summer,Beijing,Athletics,Athletics Women's Javelin Throw,none
50,Arvi Aavik,M,26,185,106,Estonia,EST,1996 Summer,1996,Summer,Atlanta,Wrestling,"Wrestling Men's Heavyweight, Freestyle",none
50,Arvi Aavik,M,22,185,106,Estonia,EST,1992 Summer,1992,Summer,Barcelona,Wrestling,"Wrestling Men's Heavyweight, Freestyle",none
51,Nstor Abad Sanjun,M,23,167,64,Spain,ESP,2016 Summer,2016,Summer,Rio de Janeiro,Gymnastics,Gymnastics Men's Floor Exercise,none
51,Nstor Abad Sanjun,M,23,167,64,Spain,ESP,2016 Summer,2016,Summer,Rio de Janeiro,Gymnastics,Gymnastics Men's Horizontal Bar,none
51,Nstor Abad Sanjun,M,23,167,64,Spain,ESP,2016 Summer,2016,Summer,Rio de Janeiro,Gymnastics,Gymnastics Men's Individual All-Around,none
51,Nstor Abad Sanjun,M,23,167,64,Spain,ESP,2016 Summer,2016,Summer,Rio de Janeiro,Gymnastics,Gymnastics Men's Parallel Bars,none
51,Nstor Abad Sanjun,M,23,167,64,Spain,ESP,2016 Summer,2016,Summer,Rio de Janeiro,Gymnastics,Gymnastics Men's Pommelled Horse,none
51,Nstor Abad Sanjun,M,23,167,64,Spain,ESP,2016 Summer,2016,Summer,Rio de Janeiro,Gymnastics,Gymnastics Men's Rings,none
52,Patrick Abada,M,22,189,80,France,FRA,1976 Summer,1976,Summer,Montreal,Athletics,Athletics Men's Pole Vault,none
53,Talaat Abada,M,24,172,58,Egypt,EGY,2000 Summer,2000,Summer,Sydney,Taekwondo,Taekwondo Men's Flyweight,none
55,Antonio Abadia Beci,M,26,170,65,Spain,ESP,2016 Summer,2016,Summer,Rio de Janeiro,Athletics,"Athletics Men's 5,000 metres",none
57,Borislav Abadzhiev,M,24,176,66,Bulgaria,BUL,1988 Summer,1988,Summer,Seoul,Boxing,Boxing Men's Light-Welterweight,none
59,Ivan Nikolov Abadzhiev,M,24,164,71,Bulgaria,BUL,1956 Summer,1956,Summer,Melbourne,Weightlifting,Weightlifting Men's Lightweight,none
59,Ivan Nikolov Abadzhiev,M,28,164,71,Bulgaria,BUL,1960 Summer,1960,Summer,Roma,Weightlifting,Weightlifting Men's Middleweight,none
60,Mikhail Abadzhiev,M,24,172,75,Bulgaria,BUL,1960 Summer,1960,Summer,Roma,Weightlifting,Weightlifting Men's Middleweight,none
61,Stefan Abadzhiev,M,26,175,72,Bulgaria,BUL,1960 Summer,1960,Summer,Roma,Football,Football Men's Football,none
62,Giovanni Abagnale,M,21,198,90,Italy,ITA,2016 Summer,2016,Summer,Rio de Janeiro,Rowing,Rowing Men's Coxless Pairs,Bronze
63,Jos Luis Abajo Gmez,M,30,194,87,Spain,ESP,2008 Summer,2008,Summer,Beijing,Fencing,"Fencing Men's epee, Individual",Bronze
65,Patimat Abakarova,F,21,165,49,Azerbaijan,AZE,2016 Summer,2016,Summer,Rio de Janeiro,Taekwondo,Taekwondo Women's Flyweight,Bronze
67,Mariya Vasilyevna Abakumova (-Tarabina),F,26,179,80,Russia,RUS,2012 Summer,2012,Summer,London,Athletics,Athletics Women's Javelin Throw,none
67,Mariya Vasilyevna Abakumova (-Tarabina),F,22,179,80,Russia,RUS,2008 Summer,2008,Summer,Beijing,Athletics,Athletics Women's Javelin Throw,Silver
68,Pablo Martn Abal,M,23,178,76,Argentina,ARG,2000 Summer,2000,Summer,Sydney,Swimming,Swimming Men's 100 metres Butterfly,none
68,Pablo Martn Abal,M,23,178,76,Argentina,ARG,2000 Summer,2000,Summer,Sydney,Swimming,Swimming Men's 4 x 100 metres Medley Relay,none
69,Tamara Abalde Daz,F,19,185,72,Spain,ESP,2008 Summer,2008,Summer,Beijing,Basketball,Basketball Women's Basketball,none
70,Jess Iory Aball Martnez,M,26,167,65,Cuba,CUB,2000 Summer,2000,Summer,Sydney,Diving,Diving Men's Platform,none
71,Juan Antonio Aball Delgado,M,27,172,82,Cuba,CUB,1992 Summer,1992,Summer,Barcelona,Canoeing,"Canoeing Men's Canadian Doubles, 1,000 metres",none
71,Juan Antonio Aball Delgado,M,27,172,82,Cuba,CUB,1992 Summer,1992,Summer,Barcelona,Canoeing,"Canoeing Men's Canadian Doubles, 500 metres",none
72,Aleksey Aleksandrovich Abalmasov,M,28,180,83,Belarus,BLR,2008 Summer,2008,Summer,Beijing,Canoeing,"Canoeing Men's Kayak Fours, 1,000 metres",Gold
72,Aleksey Aleksandrovich Abalmasov,M,24,180,83,Belarus,BLR,2004 Summer,2004,Summer,Athina,Canoeing,"Canoeing Men's Kayak Fours, 1,000 metres",none
73,Luc Abalo,M,23,182,86,France,FRA,2008 Summer,2008,Summer,Beijing,Handball,Handball Men's Handball,Gold
73,Luc Abalo,M,27,182,86,France,FRA,2012 Summer,2012,Summer,London,Handball,Handball Men's Handball,Gold
73,Luc Abalo,M,31,182,86,France,FRA,2016 Summer,2016,Summer,Rio de Janeiro,Handball,Handball Men's Handball,Silver
74,Mara Laura Abalo,F,30,182,73,Argentina,ARG,2012 Summer,2012,Summer,London,Rowing,Rowing Women's Coxless Pairs,none
75,Giorgos Abalof,M,22,178,70,Greece,GRE,2004 Summer,2004,Summer,Athina,Fencing,"Fencing Men's epee, Individual",none
76,Jouan Patrice Abanda Etong,M,22,185,82,Cameroon,CMR,2000 Summer,2000,Summer,Sydney,Football,Football Men's Football,Gold
77,Antoine Abang,M,27,166,75,Cameroon,CMR,1968 Summer,1968,Summer,Mexico City,Boxing,Boxing Men's Middleweight,none
80,Jos Mara Abarca Plotas,M,22,186,83,Spain,ESP,1996 Summer,1996,Summer,Atlanta,Water Polo,Water Polo Men's Water Polo,Gold
81,Georgios Abaris,M,22,190,77,Greece,GRE,2004 Summer,2004,Summer,Athina,Football,Football Men's Football,none
82,Enrique Abaroa Martnez,M,26,183,75,Mexico,MEX,2000 Summer,2000,Summer,Sydney,Tennis,Tennis Men's Doubles,none
84,Stephen Anthony Abas,M,26,165,55,United States,USA,2004 Summer,2004,Summer,Athina,Wrestling,"Wrestling Men's Featherweight, Freestyle",Silver
85,Alejandro Abascal Garca,M,28,181,82,Spain,ESP,1980 Summer,1980,Summer,Moskva,Sailing,Sailing Mixed Two Person Heavyweight Dinghy,Gold
85,Alejandro Abascal Garca,M,32,181,82,Spain,ESP,1984 Summer,1984,Summer,Los Angeles,Sailing,Sailing Mixed Two Person Heavyweight Dinghy,none
85,Alejandro Abascal Garca,M,24,181,82,Spain,ESP,1976 Summer,1976,Summer,Montreal,Sailing,Sailing Mixed Two Person Heavyweight Dinghy,none
86,Jos Manuel Abascal Gmez,M,26,182,67,Spain,ESP,1984 Summer,1984,Summer,Los Angeles,Athletics,"Athletics Men's 1,500 metres",Bronze
86,Jos Manuel Abascal Gmez,M,22,182,67,Spain,ESP,1980 Summer,1980,Summer,Moskva,Athletics,"Athletics Men's 1,500 metres",none
87,Rost'om Omeris dze Abashidze,M,29,188,97,Soviet Union,URS,1964 Summer,1964,Summer,Tokyo,Wrestling,"Wrestling Men's Light-Heavyweight, Greco-Roman",none
88,Nunu Dzhansuhivna Abashydze (-Myslaieva),F,25,168,105,Soviet Union,URS,1980 Summer,1980,Summer,Moskva,Athletics,Athletics Women's Shot Put,none
90,Tamila Rashidovna Abasova,F,21,163,60,Russia,RUS,2004 Summer,2004,Summer,Athina,Cycling,Cycling Women's 500 metres Time Trial,none
90,Tamila Rashidovna Abasova,F,21,163,60,Russia,RUS,2004 Summer,2004,Summer,Athina,Cycling,Cycling Women's Sprint,Silver
91,Emanuele Abate,M,27,190,80,Italy,ITA,2012 Summer,2012,Summer,London,Athletics,Athletics Men's 110 metres Hurdles,none
92,Ignazio Abate,M,21,180,73,Italy,ITA,2008 Summer,2008,Summer,Beijing,Football,Football Men's Football,none
93,Jol Marc Abati,M,38,190,85,France,FRA,2008 Summer,2008,Summer,Beijing,Handball,Handball Men's Handball,Gold
93,Jol Marc Abati,M,34,190,85,France,FRA,2004 Summer,2004,Summer,Athina,Handball,Handball Men's Handball,none
95,Georgia Abatzidou,F,35,155,43,Greece,GRE,2004 Summer,2004,Summer,Athina,Athletics,Athletics Women's Marathon,none
96,Carlos Rodolfo Abaunza Balladares,M,18,168,60,Nicaragua,NCA,2004 Summer,2004,Summer,Athina,Athletics,Athletics Men's 100 metres,none
97,Carlos Alberto Abaunza,M,16,180,70,Nicaragua,NCA,1976 Summer,1976,Summer,Montreal,Athletics,Athletics Men's High Jump,none
98,Hctor Abaunza,M,30,169,75,Mexico,MEX,1968 Summer,1968,Summer,Mexico City,Fencing,"Fencing Men's Foil, Individual",none
98,Hctor Abaunza,M,30,169,75,Mexico,MEX,1968 Summer,1968,Summer,Mexico City,Fencing,"Fencing Men's Foil, Team",none
98,Hctor Abaunza,M,30,169,75,Mexico,MEX,1968 Summer,1968,Summer,Mexico City,Fencing,"Fencing Men's Sabre, Team",none
99,Pter Abay,M,30,181,79,Hungary,HUN,1992 Summer,1992,Summer,Barcelona,Fencing,"Fencing Men's Sabre, Team",Silver
101,Adeyemi Abayomi,M,25,170,51,Nigeria,NGR,1972 Summer,1972,Summer,Munich,Boxing,Boxing Men's Lightweight,none
105,Ilyas Abbadi,M,23,175,75,Algeria,ALG,2016 Summer,2016,Summer,Rio de Janeiro,Boxing,Boxing Men's Middleweight,none
105,Ilyas Abbadi,M,19,175,75,Algeria,ALG,2012 Summer,2012,Summer,London,Boxing,Boxing Men's Welterweight,none
106,Agostino Abbagnale,M,29,188,96,Italy,ITA,1996 Summer,1996,Summer,Atlanta,Rowing,Rowing Men's Double Sculls,Gold
106,Agostino Abbagnale,M,22,188,96,Italy,ITA,1988 Summer,1988,Summer,Seoul,Rowing,Rowing Men's Quadruple Sculls,Gold
106,Agostino Abbagnale,M,34,188,96,Italy,ITA,2000 Summer,2000,Summer,Sydney,Rowing,Rowing Men's Quadruple Sculls,Gold
107,Carmine Abbagnale,M,22,182,90,Italy,ITA,1984 Summer,1984,Summer,Los Angeles,Rowing,Rowing Men's Coxed Pairs,Gold
107,Carmine Abbagnale,M,26,182,90,Italy,ITA,1988 Summer,1988,Summer,Seoul,Rowing,Rowing Men's Coxed Pairs,Gold
107,Carmine Abbagnale,M,34,182,90,Italy,ITA,1996 Summer,1996,Summer,Atlanta,Rowing,Rowing Men's Coxed Eights,none
107,Carmine Abbagnale,M,30,182,90,Italy,ITA,1992 Summer,1992,Summer,Barcelona,Rowing,Rowing Men's Coxed Pairs,Silver
108,Giuseppe Abbagnale,M,25,187,97,Italy,ITA,1984 Summer,1984,Summer,Los Angeles,Rowing,Rowing Men's Coxed Pairs,Gold
108,Giuseppe Abbagnale,M,29,187,97,Italy,ITA,1988 Summer,1988,Summer,Seoul,Rowing,Rowing Men's Coxed Pairs,Gold
108,Giuseppe Abbagnale,M,20,187,97,Italy,ITA,1980 Summer,1980,Summer,Moskva,Rowing,Rowing Men's Coxed Pairs,none
108,Giuseppe Abbagnale,M,33,187,97,Italy,ITA,1992 Summer,1992,Summer,Barcelona,Rowing,Rowing Men's Coxed Pairs,Silver
109,Abdul Latif Al-Sayed Abbas Youssef Hashem,M,23,176,64,Kuwait,KUW,1976 Summer,1976,Summer,Montreal,Athletics,Athletics Men's 4 x 100 metres Relay,none
109,Abdul Latif Al-Sayed Abbas Youssef Hashem,M,23,176,64,Kuwait,KUW,1976 Summer,1976,Summer,Montreal,Athletics,Athletics Men's 400 metres Hurdles,none
109,Abdul Latif Al-Sayed Abbas Youssef Hashem,M,27,176,64,Kuwait,KUW,1980 Summer,1980,Summer,Moskva,Athletics,Athletics Men's 400 metres Hurdles,none
110,Abubakar Abbas Abbas,M,20,175,66,Bahrain,BRN,2016 Summer,2016,Summer,Rio de Janeiro,Athletics,Athletics Men's 400 metres,none
111,Aqarab Abbas,M,22,190,88,Pakistan,PAK,1996 Summer,1996,Summer,Atlanta,Athletics,Athletics Men's Hammer Throw,none
112,Aziz Abbas,M,21,169,67,Iraq,IRQ,1964 Summer,1964,Summer,Tokyo,Weightlifting,Weightlifting Men's Lightweight,none
113,Bassim Abbas Kati Al-Ogaili,M,22,175,80,Iraq,IRQ,2004 Summer,2004,Summer,Athina,Football,Football Men's Football,none
114,Essa Abbas Faleh Hashem,M,20,160,65,Kuwait,KUW,1980 Summer,1980,Summer,Moskva,Athletics,Athletics Men's Long Jump,none
115,Ghulam Abbas,M,24,181,74,Pakistan,PAK,1992 Summer,1992,Summer,Barcelona,Athletics,Athletics Men's 400 metres Hurdles,none
117,Maher Abbas,M,22,178,78,Lebanon,LIB,1988 Summer,1988,Summer,Seoul,Athletics,Athletics Men's 400 metres,none
117,Maher Abbas,M,22,178,78,Lebanon,LIB,1988 Summer,1988,Summer,Seoul,Athletics,Athletics Men's 800 metres,none
118,Mahmoud Abbas,M,22,165,65,Egypt,EGY,2000 Summer,2000,Summer,Sydney,Cycling,"Cycling Men's Road Race, Individual",none
120,Mohammed Abbas Sabih,M,26,170,70,Iraq,IRQ,2004 Summer,2004,Summer,Athina,Swimming,Swimming Men's 100 metres Freestyle,none
121,Muhammad Abbas,M,23,168,55,Pakistan,PAK,2010 Winter,2010,Winter,Vancouver,Alpine Skiing,Alpine Skiing Men's Giant Slalom,none
122,Nader Sufyan Abbas,M,28,173,77,Qatar,QAT,2004 Summer,2004,Summer,Athina,Weightlifting,Weightlifting Men's Middleweight,none
123,Sohail Abbas,M,29,178,80,Pakistan,PAK,2004 Summer,2004,Summer,Athina,Hockey,Hockey Men's Hockey,none
123,Sohail Abbas,M,37,178,80,Pakistan,PAK,2012 Summer,2012,Summer,London,Hockey,Hockey Men's Hockey,none
123,Sohail Abbas,M,25,178,80,Pakistan,PAK,2000 Summer,2000,Summer,Sydney,Hockey,Hockey Men's Hockey,none
125,Zulkifli Abbas,M,28,170,62,Malaysia,MAS,1984 Summer,1984,Summer,Los Angeles,Hockey,Hockey Men's Hockey,none
126,Forough Abbasi,F,20,164,58,Iran,IRI,2014 Winter,2014,Winter,Sochi,Alpine Skiing,Alpine Skiing Women's Slalom,none
127,Shakeel Abbasi,M,20,165,60,Pakistan,PAK,2004 Summer,2004,Summer,Athina,Hockey,Hockey Men's Hockey,none
127,Shakeel Abbasi,M,24,165,60,Pakistan,PAK,2008 Summer,2008,Summer,Beijing,Hockey,Hockey Men's Hockey,none
127,Shakeel Abbasi,M,28,165,60,Pakistan,PAK,2012 Summer,2012,Summer,London,Hockey,Hockey Men's Hockey,none
128,Soulmaz Abbasi Azad,F,28,173,60,Iran,IRI,2012 Summer,2012,Summer,London,Rowing,Rowing Women's Single Sculls,none
129,Ruslan Abbasov,M,22,181,74,Azerbaijan,AZE,2008 Summer,2008,Summer,Beijing,Athletics,Athletics Men's 100 metres,none
130,Tural Abbasov,M,18,182,76,Azerbaijan,AZE,2008 Summer,2008,Summer,Beijing,Swimming,Swimming Men's 50 metres Freestyle,none
131,Tran Abbasova,F,33,159,53,Azerbaijan,AZE,2000 Summer,2000,Summer,Sydney,Weightlifting,Weightlifting Women's Featherweight,none
132,Simona Abbate,F,28,171,64,Italy,ITA,2012 Summer,2012,Summer,London,Water Polo,Water Polo Women's Water Polo,none
134,Christian Abbiati,M,23,192,90,Italy,ITA,2000 Summer,2000,Summer,Sydney,Football,Football Men's Football,none
135,Lois Abbingh,F,23,178,72,Netherlands,NED,2016 Summer,2016,Summer,Rio de Janeiro,Handball,Handball Women's Handball,none
136,Alessandro Abbio,M,29,195,85,Italy,ITA,2000 Summer,2000,Summer,Sydney,Basketball,Basketball Men's Basketball,none
137,Giordano Giulio Abbondati,M,19,175,64,Italy,ITA,1968 Winter,1968,Winter,Grenoble,Figure Skating,Figure Skating Men's Singles,none
137,Giordano Giulio Abbondati,M,15,175,64,Italy,ITA,1964 Winter,1964,Winter,Innsbruck,Figure Skating,Figure Skating Men's Singles,none
138,Salwan Jasim Abbood Abbood,M,24,180,104,Iraq,IRQ,2016 Summer,2016,Summer,Rio de Janeiro,Weightlifting,Weightlifting Men's Heavyweight,none
140,"William ""Bill"" Abbott Jr.",M,42,172,80,Canada,CAN,1996 Summer,1996,Summer,Atlanta,Sailing,Sailing Mixed Three Person Keelboat,none
140,"William ""Bill"" Abbott Jr.",M,46,172,80,Canada,CAN,2000 Summer,2000,Summer,Sydney,Sailing,Sailing Mixed Three Person Keelboat,none
141,Clare Abbott,F,30,167,58,Ireland,IRL,2016 Summer,2016,Summer,Rio de Janeiro,Equestrianism,"Equestrianism Mixed Three-Day Event, Individual",none
141,Clare Abbott,F,30,167,58,Ireland,IRL,2016 Summer,2016,Summer,Rio de Janeiro,Equestrianism,"Equestrianism Mixed Three-Day Event, Team",none
142,"David ""Dave"" Abbott",M,26,183,75,United States,USA,1928 Summer,1928,Summer,Amsterdam,Athletics,"Athletics Men's 5,000 metres",none
143,"Desmond ""Des"" Abbott",M,21,184,87,Australia,AUS,2008 Summer,2008,Summer,Beijing,Hockey,Hockey Men's Hockey,Bronze
144,Geoffrey Grant Abbott,M,23,179,80,South Africa,RSA,2008 Summer,2008,Summer,Beijing,Hockey,Hockey Men's Hockey,none
145,Jeremy Abbott,M,28,175,70,United States,USA,2014 Winter,2014,Winter,Sochi,Figure Skating,Figure Skating Mixed Team,Bronze
145,Jeremy Abbott,M,28,175,70,United States,USA,2014 Winter,2014,Winter,Sochi,Figure Skating,Figure Skating Men's Singles,none
145,Jeremy Abbott,M,24,175,70,United States,USA,2010 Winter,2010,Winter,Vancouver,Figure Skating,Figure Skating Men's Singles,none
146,Jeremy Abbott,M,19,179,71,Canada,CAN,1976 Summer,1976,Summer,Montreal,Canoeing,"Canoeing Men's Canadian Doubles, 1,000 metres",none
147,Joanne Abbott,F,41,160,57,Canada,CAN,1996 Summer,1996,Summer,Atlanta,Sailing,Sailing Mixed Three Person Keelboat,none
148,"Kathryn ""Katie"" Abbott",F,21,164,63,Canada,CAN,2008 Summer,2008,Summer,Beijing,Sailing,Sailing Women's Three Person Keelboat,none
149,Mara Katherine Abbott,F,30,163,52,United States,USA,2016 Summer,2016,Summer,Rio de Janeiro,Cycling,"Cycling Women's Road Race, Individual",none
152,Matt Abbott,M,34,185,91,Canada,CAN,2000 Summer,2000,Summer,Sydney,Sailing,Sailing Mixed Three Person Keelboat,none
153,Monica Cecilia Abbott,F,23,191,88,United States,USA,2008 Summer,2008,Summer,Beijing,Softball,Softball Women's Softball,Silver
154,Khadija Abbouda,F,40,165,57,Morocco,MAR,2008 Summer,2008,Summer,Beijing,Archery,Archery Women's Individual,none
155,Mohamed Ibrahim Abd El-Fatah Mohamed,M,34,185,98,Egypt,EGY,2012 Summer,2012,Summer,London,Wrestling,"Wrestling Men's Heavyweight, Greco-Roman",none
155,Mohamed Ibrahim Abd El-Fatah Mohamed,M,26,185,98,Egypt,EGY,2004 Summer,2004,Summer,Athina,Wrestling,"Wrestling Men's Light-Heavyweight, Greco-Roman",none
155,Mohamed Ibrahim Abd El-Fatah Mohamed,M,22,185,98,Egypt,EGY,2000 Summer,2000,Summer,Sydney,Wrestling,"Wrestling Men's Light-Heavyweight, Greco-Roman",none
156,Mahmoud Abd El-Kader,M,23,195,94,Egypt,EGY,2008 Summer,2008,Summer,Beijing,Volleyball,Volleyball Men's Volleyball,none
157,Mohamed Ibrahim Abd El-Salam,M,22,192,83,Egypt,EGY,2004 Summer,2004,Summer,Athina,Handball,Handball Men's Handball,none
157,Mohamed Ibrahim Abd El-Salam,M,26,192,83,Egypt,EGY,2008 Summer,2008,Summer,Beijing,Handball,Handball Men's Handball,none
159,Reem Wa'il Abdalazem Abdalazem El-Bossaty,F,15,167,60,Egypt,EGY,2008 Summer,2008,Summer,Beijing,Synchronized Swimming,Synchronized Swimming Women's Duet,none
159,Reem Wa'il Abdalazem Abdalazem El-Bossaty,F,15,167,60,Egypt,EGY,2008 Summer,2008,Summer,Beijing,Synchronized Swimming,Synchronized Swimming Women's Team,none
159,Reem Wa'il Abdalazem Abdalazem El-Bossaty,F,19,167,60,Egypt,EGY,2012 Summer,2012,Summer,London,Synchronized Swimming,Synchronized Swimming Women's Team,none
160,Ali Abdalla Afringi,M,25,163,57,Eritrea,ERI,2008 Summer,2008,Summer,Beijing,Athletics,"Athletics Men's 5,000 metres",none
161,Hossam Abdalla,M,28,203,97,Egypt,EGY,2016 Summer,2016,Summer,Rio de Janeiro,Volleyball,Volleyball Men's Volleyball,none
165,Nia Nicole Abdallah,F,20,175,56,United States,USA,2004 Summer,2004,Summer,Athina,Taekwondo,Taekwondo Women's Featherweight,Silver
166,Omari Abdallah,M,29,168,57,Tanzania,TAN,1972 Summer,1972,Summer,Munich,Athletics,Athletics Men's 4 x 400 metres Relay,none
166,Omari Abdallah,M,21,168,57,Tanzania,TAN,1964 Summer,1964,Summer,Tokyo,Athletics,Athletics Men's Marathon,none
168,Younis Abdallah Rabee,M,23,169,68,Kuwait,KUW,1972 Summer,1972,Summer,Munich,Athletics,Athletics Men's 100 metres,none
169,Raida Abdallah Bader,F,19,158,49,Jordan,JOR,1984 Summer,1984,Summer,Los Angeles,Athletics,"Athletics Women's 3,000 metres",none
170,Maha Abdalsalam Gouda,F,18,172,61,Egypt,EGY,2016 Summer,2016,Summer,Rio de Janeiro,Diving,Diving Women's Platform,none
171,Mahmoud Abdel Aziz,M,25,174,70,Egypt,EGY,2000 Summer,2000,Summer,Sydney,Volleyball,Volleyball Men's Volleyball,none
172,Mohamed Abdel Ellah,M,32,168,68,Egypt,EGY,2000 Summer,2000,Summer,Sydney,Shooting,"Shooting Men's Air Rifle, 10 metres",none
177,Mohamed Abdel Fattah,M,23,174,69,Egypt,EGY,2000 Summer,2000,Summer,Sydney,Cycling,"Cycling Men's Road Race, Individual",none
178,Sayed Abdel Gadir,M,23,180,56,Sudan,SUD,1960 Summer,1960,Summer,Roma,Boxing,Boxing Men's Featherweight,none
178,Sayed Abdel Gadir,M,32,180,56,Sudan,SUD,1968 Summer,1968,Summer,Mexico City,Boxing,Boxing Men's Lightweight,none
180,Heba Abdel Gawad,F,22,154,48,Egypt,EGY,2004 Summer,2004,Summer,Athina,Synchronized Swimming,Synchronized Swimming Women's Duet,none
180,Heba Abdel Gawad,F,18,154,48,Egypt,EGY,2000 Summer,2000,Summer,Sydney,Synchronized Swimming,Synchronized Swimming Women's Duet,none
181,Sara Abdel Gawad,F,18,153,46,Egypt,EGY,2000 Summer,2000,Summer,Sydney,Synchronized Swimming,Synchronized Swimming Women's Duet,none
184,Ragy Abdel Hady,M,30,186,100,Egypt,EGY,2004 Summer,2004,Summer,Athina,Water Polo,Water Polo Men's Water Polo,none
187,Moustafa Ali Abdel Halim,M,32,152,52,Egypt,EGY,1976 Summer,1976,Summer,Montreal,Weightlifting,Weightlifting Men's Flyweight,none
188,Mohamed Abdel Hamed,M,24,193,82,Egypt,EGY,1984 Summer,1984,Summer,Los Angeles,Volleyball,Volleyball Men's Volleyball,none
192,Ahmed El-Sayed Abdel Hamid Mobarak,M,25,189,85,Egypt,EGY,1972 Summer,1972,Summer,Munich,Basketball,Basketball Men's Basketball,none
196,Mohamed Abdel Khaled,M,24,183,76,Tunisia,TUN,1976 Summer,1976,Summer,Montreal,Handball,Handball Men's Handball,none
197,Abdel Latif Abdel Latif,M,28,172,68,Egypt,EGY,1988 Summer,1988,Summer,Seoul,Wrestling,"Wrestling Men's Lightweight, Greco-Roman",none
199,Amir Abdel Meguid,M,23,178,67,Egypt,EGY,1984 Summer,1984,Summer,Los Angeles,Basketball,Basketball Men's Basketball,none
199,Amir Abdel Meguid,M,27,178,67,Egypt,EGY,1988 Summer,1988,Summer,Seoul,Basketball,Basketball Men's Basketball,none
201,Karim Abdel Mohsen,M,25,188,92,Egypt,EGY,2004 Summer,2004,Summer,Athina,Water Polo,Water Polo Men's Water Polo,none
202,Awad Abdel Nabi Awad,M,23,198,80,Egypt,EGY,1976 Summer,1976,Summer,Montreal,Basketball,Basketball Men's Basketball,none
202,Awad Abdel Nabi Awad,M,19,198,80,Egypt,EGY,1972 Summer,1972,Summer,Munich,Basketball,Basketball Men's Basketball,none
203,Ahmed Abdel Naeim,M,23,197,87,Egypt,EGY,2008 Summer,2008,Summer,Beijing,Volleyball,Volleyball Men's Volleyball,none
203,Ahmed Abdel Naeim,M,31,197,87,Egypt,EGY,2016 Summer,2016,Summer,Rio de Janeiro,Volleyball,Volleyball Men's Volleyball,none
204,Moustafa Abdel Naser,M,21,176,74,Libya,LBA,1996 Summer,1996,Summer,Atlanta,Athletics,Athletics Men's 400 metres,none
210,Khaled Abdel Rahman,M,27,188,79,Egypt,EGY,1984 Summer,1984,Summer,Los Angeles,Volleyball,Volleyball Men's Volleyball,none
212,Yasser Abdel Rahman Sakr,M,30,180,120,Egypt,EGY,2008 Summer,2008,Summer,Beijing,Wrestling,"Wrestling Men's Super-Heavyweight, Greco-Roman",none
213,Samy Abdel Razek,M,36,170,60,Egypt,EGY,2016 Summer,2016,Summer,Rio de Janeiro,Shooting,"Shooting Men's Air Pistol, 10 metres",none
213,Samy Abdel Razek,M,28,170,60,Egypt,EGY,2008 Summer,2008,Summer,Beijing,Shooting,"Shooting Men's Free Pistol, 50 metres",none
213,Samy Abdel Razek,M,36,170,60,Egypt,EGY,2016 Summer,2016,Summer,Rio de Janeiro,Shooting,"Shooting Men's Free Pistol, 50 metres",none
215,Ibrahim Ahmed Abdel Rehim,M,21,190,83,Egypt,EGY,2004 Summer,2004,Summer,Athina,Fencing,"Fencing Men's epee, Team",none
216,Kamal Abdel Rehim,M,26,190,95,Egypt,EGY,2000 Summer,2000,Summer,Sydney,Rowing,Rowing Men's Coxless Fours,none
217,Reskalla Mohamed Abdel Rehim,M,22,165,48,Egypt,EGY,2000 Summer,2000,Summer,Sydney,Boxing,Boxing Men's Light-Flyweight,none
218,Ahmed Ali Abdel Samad,M,27,195,95,Egypt,EGY,2000 Summer,2000,Summer,Sydney,Boxing,Boxing Men's Super-Heavyweight,none
222,Mohamed Said Abdel Wehab,M,22,157,48,Egypt,EGY,1976 Summer,1976,Summer,Montreal,Boxing,Boxing Men's Light-Flyweight,none
225,Shaimaa Abdel-Latif-Hashad,F,23,165,57,Egypt,EGY,2004 Summer,2004,Summer,Athina,Shooting,"Shooting Women's Air Rifle, 10 metres",none
225,Shaimaa Abdel-Latif-Hashad,F,27,165,57,Egypt,EGY,2008 Summer,2008,Summer,Beijing,Shooting,"Shooting Women's Air Rifle, 10 metres",none
225,Shaimaa Abdel-Latif-Hashad,F,35,165,57,Egypt,EGY,2016 Summer,2016,Summer,Rio de Janeiro,Shooting,"Shooting Women's Air Rifle, 10 metres",none
227,Ahmed Abdelaal,M,27,188,89,Egypt,EGY,2016 Summer,2016,Summer,Rio de Janeiro,Volleyball,Volleyball Men's Volleyball,none
228,Mahmoud Abdelaal,M,24,176,60,Egypt,EGY,2016 Summer,2016,Summer,Rio de Janeiro,Boxing,Boxing Men's Lightweight,none
229,Mohamed Ali Abdelaal,M,26,175,81,Egypt,EGY,2016 Summer,2016,Summer,Rio de Janeiro,Judo,Judo Men's Half-Middleweight,none
232,Ibrahim Ramadan Ibrahim Abdelbaki,M,24,173,77,Egypt,EGY,2012 Summer,2012,Summer,London,Weightlifting,Weightlifting Men's Middleweight,none
232,Ibrahim Ramadan Ibrahim Abdelbaki,M,28,173,77,Egypt,EGY,2016 Summer,2016,Summer,Rio de Janeiro,Weightlifting,Weightlifting Men's Middleweight,none
233,Aziza Abdelfattah,F,17,159,51,Egypt,EGY,2008 Summer,2008,Summer,Beijing,Synchronized Swimming,Synchronized Swimming Women's Team,none
234,Abdalla Abdelgadir El-Sheikh,M,21,170,58,Sudan,SUD,2008 Summer,2008,Summer,Beijing,Athletics,"Athletics Men's 1,500 metres",none
236,Ragab Abdelhay Saad Abdelrazek Abdallah,M,21,170,94,Egypt,EGY,2012 Summer,2012,Summer,London,Weightlifting,Weightlifting Men's Light-Heavyweight,none
236,Ragab Abdelhay Saad Abdelrazek Abdallah,M,25,170,94,Egypt,EGY,2016 Summer,2016,Summer,Rio de Janeiro,Weightlifting,Weightlifting Men's Middle-Heavyweight,none
238,Mohamed Abdellah,M,36,170,70,Egypt,EGY,2004 Summer,2004,Summer,Athina,Shooting,"Shooting Men's Air Rifle, 10 metres",none
238,Mohamed Abdellah,M,40,170,70,Egypt,EGY,2008 Summer,2008,Summer,Beijing,Shooting,"Shooting Men's Air Rifle, 10 metres",none
239,Ayoub Abdellaoui,M,23,184,68,Algeria,ALG,2016 Summer,2016,Summer,Rio de Janeiro,Football,Football Men's Football,none
240,Leila Abdelmoez,F,19,160,46,Egypt,EGY,2016 Summer,2016,Summer,Rio de Janeiro,Synchronized Swimming,Synchronized Swimming Women's Team,none
241,Sayed Abdelmonem Sayed Hamed,M,23,170,60,Egypt,EGY,2012 Summer,2012,Summer,London,Wrestling,"Wrestling Men's Lightweight, Greco-Roman",none
242,Ahmed Abdelrahman,M,20,165,60,Egypt,EGY,2016 Summer,2016,Summer,Rio de Janeiro,Judo,Judo Men's Extra-Lightweight,none
243,Ihab Abdelrahman El-Sayed Abdelrahman,M,23,194,96,Egypt,EGY,2012 Summer,2012,Summer,London,Athletics,Athletics Men's Javelin Throw,none
244,Raouf Abdelraouf,M,22,167,63,Egypt,EGY,2000 Summer,2000,Summer,Sydney,Gymnastics,Gymnastics Men's Horse Vault,none
244,Raouf Abdelraouf,M,22,167,63,Egypt,EGY,2000 Summer,2000,Summer,Sydney,Gymnastics,Gymnastics Men's Individual All-Around,none
244,Raouf Abdelraouf,M,22,167,63,Egypt,EGY,2000 Summer,2000,Summer,Sydney,Gymnastics,Gymnastics Men's Parallel Bars,none
244,Raouf Abdelraouf,M,22,167,63,Egypt,EGY,2000 Summer,2000,Summer,Sydney,Gymnastics,Gymnastics Men's Pommelled Horse,none
244,Raouf Abdelraouf,M,22,167,63,Egypt,EGY,2000 Summer,2000,Summer,Sydney,Gymnastics,Gymnastics Men's Rings,none
246,Mamdouh Abdelrehim,M,26,207,90,Egypt,EGY,2016 Summer,2016,Summer,Rio de Janeiro,Volleyball,Volleyball Men's Volleyball,none
247,El-Hachemi Abdenouz,M,24,170,63,Algeria,ALG,1980 Summer,1980,Summer,Moskva,Athletics,"Athletics Men's 5,000 metres",none
248,Rda Abdenouz,M,23,170,63,Algeria,ALG,1992 Summer,1992,Summer,Barcelona,Athletics,Athletics Men's 800 metres,none
248,Rda Abdenouz,M,19,170,63,Algeria,ALG,1988 Summer,1988,Summer,Seoul,Athletics,Athletics Men's 800 metres,none
249,Mouni Abderrahim,F,22,173,60,Algeria,ALG,2008 Summer,2008,Summer,Beijing,Volleyball,Volleyball Women's Volleyball,none
249,Mouni Abderrahim,F,26,173,60,Algeria,ALG,2012 Summer,2012,Summer,London,Volleyball,Volleyball Women's Volleyball,none
250,Saeid Morad Abdevali,M,26,170,80,Iran,IRI,2016 Summer,2016,Summer,Rio de Janeiro,Wrestling,"Wrestling Men's Middleweight, Greco-Roman",Bronze
250,Saeid Morad Abdevali,M,22,170,80,Iran,IRI,2012 Summer,2012,Summer,London,Wrestling,"Wrestling Men's Welterweight, Greco-Roman",none
251,Bashir Abdi,M,27,176,56,Belgium,BEL,2016 Summer,2016,Summer,Rio de Janeiro,Athletics,"Athletics Men's 10,000 metres",none
251,Bashir Abdi,M,27,176,56,Belgium,BEL,2016 Summer,2016,Summer,Rio de Janeiro,Athletics,"Athletics Men's 5,000 metres",none
252,Youcef Abdi,M,30,178,66,Australia,AUS,2008 Summer,2008,Summer,Beijing,Athletics,"Athletics Men's 3,000 metres Steeplechase",none
252,Youcef Abdi,M,34,178,66,Australia,AUS,2012 Summer,2012,Summer,London,Athletics,"Athletics Men's 3,000 metres Steeplechase",none
253,Jamal Abdi Hassan Abdullah,M,23,177,65,Qatar,QAT,1996 Summer,1996,Summer,Atlanta,Athletics,"Athletics Men's 3,000 metres Steeplechase",none
253,Jamal Abdi Hassan Abdullah,M,19,177,65,Qatar,QAT,1992 Summer,1992,Summer,Barcelona,Athletics,"Athletics Men's 3,000 metres Steeplechase",none
254,Talal Omar Abdillahi,M,21,170,57,Djibouti,DJI,1988 Summer,1988,Summer,Seoul,Athletics,"Athletics Men's 10,000 metres",none
254,Talal Omar Abdillahi,M,25,170,57,Djibouti,DJI,1992 Summer,1992,Summer,Barcelona,Athletics,Athletics Men's Marathon,none
256,"Abdihakim ""Abdi"" Abdirahman",M,27,178,61,United States,USA,2004 Summer,2004,Summer,Athina,Athletics,"Athletics Men's 10,000 metres",none
256,"Abdihakim ""Abdi"" Abdirahman",M,31,178,61,United States,USA,2008 Summer,2008,Summer,Beijing,Athletics,"Athletics Men's 10,000 metres",none
256,"Abdihakim ""Abdi"" Abdirahman",M,23,178,61,United States,USA,2000 Summer,2000,Summer,Sydney,Athletics,"Athletics Men's 10,000 metres",none
256,"Abdihakim ""Abdi"" Abdirahman",M,35,178,61,United States,USA,2012 Summer,2012,Summer,London,Athletics,Athletics Men's Marathon,none
257,Ali Abdo,M,23,169,74,Australia,AUS,2004 Summer,2004,Summer,Athina,Wrestling,"Wrestling Men's Middleweight, Freestyle",none
257,Ali Abdo,M,27,169,74,Australia,AUS,2008 Summer,2008,Summer,Beijing,Wrestling,"Wrestling Men's Middleweight, Freestyle",none
257,Ali Abdo,M,19,169,74,Australia,AUS,2000 Summer,2000,Summer,Sydney,Wrestling,"Wrestling Men's Welterweight, Greco-Roman",none
259,Reema Abdo,F,21,173,59,Canada,CAN,1984 Summer,1984,Summer,Los Angeles,Swimming,Swimming Women's 4 x 100 metres Medley Relay,Bronze
259,Reema Abdo,F,21,173,59,Canada,CAN,1984 Summer,1984,Summer,Los Angeles,Swimming,Swimming Women's 100 metres Backstroke,none
259,Reema Abdo,F,21,173,59,Canada,CAN,1984 Summer,1984,Summer,Los Angeles,Swimming,Swimming Women's 200 metres Backstroke,none
261,Nasrollah Abdollahi,M,24,183,75,Iran,IRI,1976 Summer,1976,Summer,Montreal,Football,Football Men's Football,none
262,Yhyacinthe Mewoli Abdon,M,26,176,60,Cameroon,CMR,2012 Summer,2012,Summer,London,Boxing,Boxing Men's Lightweight,none
263,Hassane Abdou,M,23,185,67,Comoros,COM,1996 Summer,1996,Summer,Atlanta,Athletics,Athletics Men's 400 metres,none
264,Justin Abdou,M,29,175,85,Canada,CAN,2000 Summer,2000,Summer,Sydney,Wrestling,"Wrestling Men's Light-Heavyweight, Freestyle",none
266,Raouf Abdou,M,22,165,60,Egypt,EGY,2004 Summer,2004,Summer,Athina,Modern Pentathlon,Modern Pentathlon Men's Individual,none
267,Mohamed Abdou El-Souad,M,23,180,76,Egypt,EGY,1992 Summer,1992,Summer,Barcelona,Modern Pentathlon,Modern Pentathlon Men's Individual,none
267,Mohamed Abdou El-Souad,M,19,180,76,Egypt,EGY,1988 Summer,1988,Summer,Seoul,Modern Pentathlon,Modern Pentathlon Men's Individual,none
267,Mohamed Abdou El-Souad,M,23,180,76,Egypt,EGY,1992 Summer,1992,Summer,Barcelona,Modern Pentathlon,Modern Pentathlon Men's Team,none
267,Mohamed Abdou El-Souad,M,19,180,76,Egypt,EGY,1988 Summer,1988,Summer,Seoul,Modern Pentathlon,Modern Pentathlon Men's Team,none
269,Fawziya Abdoulkarim,F,27,180,67,Cameroon,CMR,2016 Summer,2016,Summer,Rio de Janeiro,Volleyball,Volleyball Women's Volleyball,none
270,Alaa El-Din Abdoun,M,23,188,78,Egypt,EGY,1988 Summer,1988,Summer,Seoul,Basketball,Basketball Men's Basketball,none
272,Berik Abdrakhmanov,M,30,165,60,Kazakhstan,KAZ,2016 Summer,2016,Summer,Rio de Janeiro,Boxing,Boxing Men's Lightweight,none
273,Maizurah Abdul Rahim,F,17,147,50,Brunei,BRU,2016 Summer,2016,Summer,Rio de Janeiro,Athletics,Athletics Women's 200 metres,none
274,Mehdi Fahim Abdul Al-Sada,M,24,184,70,Iraq,IRQ,1980 Summer,1980,Summer,Moskva,Athletics,Athletics Men's 4 x 400 metres Relay,none
275,Bashir Abdullah Abdul Aziz,M,22,180,73,Kuwait,KUW,2000 Summer,2000,Summer,Sydney,Football,Football Men's Football,none
276,Chairil Anwar Abdul Aziz,M,24,163,61,Malaysia,MAS,1996 Summer,1996,Summer,Atlanta,Hockey,Hockey Men's Hockey,none
276,Chairil Anwar Abdul Aziz,M,28,163,61,Malaysia,MAS,2000 Summer,2000,Summer,Sydney,Hockey,Hockey Men's Hockey,none
277,Shaimaa Abdul Aziz,F,19,160,53,Egypt,EGY,2000 Summer,2000,Summer,Sydney,Table Tennis,Table Tennis Women's Doubles,none
277,Shaimaa Abdul Aziz,F,27,160,53,Egypt,EGY,2008 Summer,2008,Summer,Beijing,Table Tennis,Table Tennis Women's Singles,none
277,Shaimaa Abdul Aziz,F,19,160,53,Egypt,EGY,2000 Summer,2000,Summer,Sydney,Table Tennis,Table Tennis Women's Singles,none
279,Jefri Kiko Bolkiah Abdul Hakeem,M,23,172,90,Brunei,BRU,1996 Summer,1996,Summer,Atlanta,Shooting,Shooting Men's Skeet,none
279,Jefri Kiko Bolkiah Abdul Hakeem,M,27,172,90,Brunei,BRU,2000 Summer,2000,Summer,Sydney,Shooting,Shooting Men's Skeet,none
280,Mohamed Abdul Hamid,M,19,175,55,Sudan,SUD,2000 Summer,2000,Summer,Sydney,Swimming,Swimming Men's 50 metres Freestyle,none
282,Hadi Abdul Jabbar,M,30,180,117.5,Iraq,IRQ,1960 Summer,1960,Summer,Roma,Weightlifting,Weightlifting Men's Heavyweight,none
282,Hadi Abdul Jabbar,M,34,180,117.5,Iraq,IRQ,1964 Summer,1964,Summer,Tokyo,Weightlifting,Weightlifting Men's Heavyweight,none
283,Mohamed Abed Abdul Jawad,M,22,169,65,Saudi Arabia,KSA,1984 Summer,1984,Summer,Los Angeles,Football,Football Men's Football,none
286,Abdul Aziz Hassan Al-Hadba Abdul Karim Abdul Kareem,M,23,169,60,Kuwait,KUW,1976 Summer,1976,Summer,Montreal,Athletics,Athletics Men's 200 metres,none
286,Abdul Aziz Hassan Al-Hadba Abdul Karim Abdul Kareem,M,23,169,60,Kuwait,KUW,1976 Summer,1976,Summer,Montreal,Athletics,Athletics Men's 4 x 100 metres Relay,none
287,Taha Abdul Karim,M,20,156,59,Iraq,IRQ,1960 Summer,1960,Summer,Roma,Boxing,Boxing Men's Lightweight,none
288,Masoud Abdul Khamis Al-Rahman,M,17,176,68,Qatar,QAT,1992 Summer,1992,Summer,Barcelona,Athletics,Athletics Men's 4 x 400 metres Relay,none
289,Abdul Haji Abdul Latheef,M,17,168,54,Maldives,MDV,1988 Summer,1988,Summer,Seoul,Athletics,Athletics Men's Marathon,none
291,Majed Ahmed Abdul Mohamed,M,26,172,70,Saudi Arabia,KSA,1984 Summer,1984,Summer,Los Angeles,Football,Football Men's Football,none
292,Firouz Abdul Mohammadian,M,34,178,74,Iran,IRI,1976 Summer,1976,Summer,Montreal,Water Polo,Water Polo Men's Water Polo,none
293,Hussam Abdul Rahman,M,30,175,80,Jordan,JOR,1984 Summer,1984,Summer,Los Angeles,Shooting,"Shooting Men's Small-Bore Rifle, Three Positions, 50 metres",none
295,Suleman Abdul Rahman,M,29,174,55,Ethiopia,ETH,1972 Summer,1972,Summer,Munich,Cycling,"Cycling Men's Road Race, Individual",none
296,Zambrose Abdul Rahman,M,24,173,64,Malaysia,MAS,1968 Summer,1968,Summer,Mexico City,Athletics,Athletics Men's 400 metres Hurdles,none
297,Lala Abdul Rashid,M,38,169,91,Pakistan,PAK,1960 Summer,1960,Summer,Roma,Hockey,Hockey Men's Hockey,Gold
298,Muhammad Abdul Rashid,M,23,181,72,Pakistan,PAK,1964 Summer,1964,Summer,Tokyo,Hockey,Hockey Men's Hockey,Silver
299,Dana Abdul Razak (Hussain-),F,22,163,56,Iraq,IRQ,2008 Summer,2008,Summer,Beijing,Athletics,Athletics Women's 100 metres,none
299,Dana Abdul Razak (Hussain-),F,26,163,56,Iraq,IRQ,2012 Summer,2012,Summer,London,Athletics,Athletics Women's 100 metres,none
305,Samir Ahmed Abdul Shakour,M,24,180,72,Saudi Arabia,KSA,1984 Summer,1984,Summer,Los Angeles,Football,Football Men's Football,none
310,Patmawati Abdul Wahid,F,32,158,58,Indonesia,INA,2004 Summer,2004,Summer,Athina,Weightlifting,Weightlifting Women's Lightweight,none
311,Haidar Abdul-Amir Hassan,M,21,185,80,Iraq,IRQ,2004 Summer,2004,Summer,Athina,Football,Football Men's Football,none
312,Haidar Abdul-Razzaq Hassan,M,22,175,75,Iraq,IRQ,2004 Summer,2004,Summer,Athina,Football,Football Men's Football,none
313,"Lawal Kolawole ""Kola"" Abdulai",M,21,172,66,Nigeria,NGR,1968 Summer,1968,Summer,Mexico City,Athletics,Athletics Men's 100 metres,none
313,"Lawal Kolawole ""Kola"" Abdulai",M,25,172,66,Nigeria,NGR,1972 Summer,1972,Summer,Munich,Athletics,Athletics Men's 100 metres,none
313,"Lawal Kolawole ""Kola"" Abdulai",M,21,172,66,Nigeria,NGR,1968 Summer,1968,Summer,Mexico City,Athletics,Athletics Men's 4 x 100 metres Relay,none
313,"Lawal Kolawole ""Kola"" Abdulai",M,25,172,66,Nigeria,NGR,1972 Summer,1972,Summer,Munich,Athletics,Athletics Men's 4 x 100 metres Relay,none
314,"Rukayatu ""Ruky"" Abdulai",F,22,180,59,Canada,CAN,2008 Summer,2008,Summer,Beijing,Athletics,Athletics Women's Long Jump,none
315,Mona Ahmad Abdulaziz Hassanein,F,26,166,61,Egypt,EGY,2012 Summer,2012,Summer,London,Fencing,"Fencing Women's epee, Individual",none
316,Zagalav Abdulbekovich Abdulbekov,M,26,160,62,Soviet Union,URS,1972 Summer,1972,Summer,Munich,Wrestling,"Wrestling Men's Featherweight, Freestyle",Gold
317,Roosevelt M. Abdulgafur,M,24,181,73,Philippines,PHI,1968 Summer,1968,Summer,Mexico City,Swimming,Swimming Men's 100 metres Freestyle,none
317,Roosevelt M. Abdulgafur,M,24,181,73,Philippines,PHI,1968 Summer,1968,Summer,Mexico City,Swimming,Swimming Men's 200 metres Freestyle,none
317,Roosevelt M. Abdulgafur,M,24,181,73,Philippines,PHI,1968 Summer,1968,Summer,Mexico City,Swimming,Swimming Men's 4 x 100 metres Freestyle Relay,none
317,Roosevelt M. Abdulgafur,M,24,181,73,Philippines,PHI,1968 Summer,1968,Summer,Mexico City,Swimming,Swimming Men's 4 x 100 metres Medley Relay,none
317,Roosevelt M. Abdulgafur,M,24,181,73,Philippines,PHI,1968 Summer,1968,Summer,Mexico City,Swimming,Swimming Men's 4 x 200 metres Freestyle Relay,none
321,Ahmad Hassan Abdullah,M,27,164,55,Qatar,QAT,2008 Summer,2008,Summer,Beijing,Athletics,"Athletics Men's 10,000 metres",none
322,Ahmed Ghanim Abdullah,M,20,184,79,Egypt,EGY,1988 Summer,1988,Summer,Seoul,Swimming,Swimming Men's 200 metres Butterfly,none
323,Aquil Hashim Abdullah (Shumate-),M,31,187,83,United States,USA,2004 Summer,2004,Summer,Athina,Rowing,Rowing Men's Double Sculls,none
331,Wan Azlan Abdullah,M,21,188,77,Malaysia,MAS,1996 Summer,1996,Summer,Atlanta,Swimming,Swimming Men's 200 metres Individual Medley,none
331,Wan Azlan Abdullah,M,21,188,77,Malaysia,MAS,1996 Summer,1996,Summer,Atlanta,Swimming,Swimming Men's 4 x 100 metres Medley Relay,none
331,Wan Azlan Abdullah,M,21,188,77,Malaysia,MAS,1996 Summer,1996,Summer,Atlanta,Swimming,Swimming Men's 400 metres Individual Medley,none
331,Wan Azlan Abdullah,M,25,188,77,Malaysia,MAS,2000 Summer,2000,Summer,Sydney,Swimming,Swimming Men's 400 metres Individual Medley,none
335,Abdulqdir Abdullayev,M,28,188,91,Azerbaijan,AZE,2016 Summer,2016,Summer,Rio de Janeiro,Boxing,Boxing Men's Heavyweight,none
336,Arif Yadulla Abdullayev,M,27,164,60,Azerbaijan,AZE,1996 Summer,1996,Summer,Atlanta,Wrestling,"Wrestling Men's Bantamweight, Freestyle",none
336,Arif Yadulla Abdullayev,M,32,164,60,Azerbaijan,AZE,2000 Summer,2000,Summer,Sydney,Wrestling,"Wrestling Men's Featherweight, Freestyle",none
337,Mukhammad Kadyr Abdullayev,M,26,169,63,Uzbekistan,UZB,2000 Summer,2000,Summer,Sydney,Boxing,Boxing Men's Light-Welterweight,Gold
337,Mukhammad Kadyr Abdullayev,M,22,169,63,Uzbekistan,UZB,1996 Summer,1996,Summer,Atlanta,Boxing,Boxing Men's Lightweight,none
338,Muminzhon Abdullayev,M,22,190,130,Uzbekistan,UZB,2012 Summer,2012,Summer,London,Wrestling,"Wrestling Men's Super-Heavyweight, Greco-Roman",none
338,Muminzhon Abdullayev,M,26,190,130,Uzbekistan,UZB,2016 Summer,2016,Summer,Rio de Janeiro,Wrestling,"Wrestling Men's Super-Heavyweight, Greco-Roman",none
339,Namiq Yadulla Abdullayev,M,29,167,55,Azerbaijan,AZE,2000 Summer,2000,Summer,Sydney,Wrestling,"Wrestling Men's Bantamweight, Freestyle",Gold
339,Namiq Yadulla Abdullayev,M,33,167,55,Azerbaijan,AZE,2004 Summer,2004,Summer,Athina,Wrestling,"Wrestling Men's Featherweight, Freestyle",none
339,Namiq Yadulla Abdullayev,M,25,167,55,Azerbaijan,AZE,1996 Summer,1996,Summer,Atlanta,Wrestling,"Wrestling Men's Flyweight, Freestyle",Silver
340,Laye Abdullayeva,F,21,170,47,Azerbaijan,AZE,2012 Summer,2012,Summer,London,Athletics,"Athletics Women's 5,000 metres",none
341,lqar Abdulov,M,27,175,74,Azerbaijan,AZE,2008 Summer,2008,Summer,Beijing,Wrestling,"Wrestling Men's Middleweight, Greco-Roman",none
343,Abir Abdulrahman Khalil Mahmoud Khalil,F,20,162,72,Egypt,EGY,2012 Summer,2012,Summer,London,Weightlifting,Weightlifting Women's Heavyweight,none
343,Abir Abdulrahman Khalil Mahmoud Khalil,F,16,162,72,Egypt,EGY,2008 Summer,2008,Summer,Beijing,Weightlifting,Weightlifting Women's Light-Heavyweight,none
344,Amer Abdulrahman Abdallah Hussain Al-Hammadi,M,23,168,68,United Arab Emirates,UAE,2012 Summer,2012,Summer,London,Football,Football Men's Football,none
345,Omar Abdulrahman Ahmad Al-Raaqi Al-Amoudi,M,20,168,62,United Arab Emirates,UAE,2012 Summer,2012,Summer,London,Football,Football Men's Football,none
346,Shaza Yahia Nazih Abdulrahman El-Sayed,F,19,170,59,Egypt,EGY,2012 Summer,2012,Summer,London,Synchronized Swimming,Synchronized Swimming Women's Duet,none
346,Shaza Yahia Nazih Abdulrahman El-Sayed,F,15,170,59,Egypt,EGY,2008 Summer,2008,Summer,Beijing,Synchronized Swimming,Synchronized Swimming Women's Team,none
346,Shaza Yahia Nazih Abdulrahman El-Sayed,F,19,170,59,Egypt,EGY,2012 Summer,2012,Summer,London,Synchronized Swimming,Synchronized Swimming Women's Team,none
347,Najim Abdulrazak Al-Enazy,M,18,150,60,Kuwait,KUW,1980 Summer,1980,Summer,Moskva,Athletics,Athletics Men's Discus Throw,none
348,Zeyad Abdulrazak Al-Khudhur Al-Enazy,M,23,181,66,Kuwait,KUW,1992 Summer,1992,Summer,Barcelona,Athletics,Athletics Men's 110 metres Hurdles,none
348,Zeyad Abdulrazak Al-Khudhur Al-Enazy,M,19,181,66,Kuwait,KUW,1988 Summer,1988,Summer,Seoul,Athletics,Athletics Men's 110 metres Hurdles,none
349,Waheed Abdulridha Waheed Karaawi,M,33,178,74,Iraq,IRQ,2016 Summer,2016,Summer,Rio de Janeiro,Boxing,Boxing Men's Middleweight,none
350,Mohamed Abdultwab Ibrahim Abd El-Baki,M,21,162,69,Egypt,EGY,2008 Summer,2008,Summer,Beijing,Weightlifting,Weightlifting Men's Featherweight,none
350,Mohamed Abdultwab Ibrahim Abd El-Baki,M,25,162,69,Egypt,EGY,2012 Summer,2012,Summer,London,Weightlifting,Weightlifting Men's Lightweight,none
351,Julius Shareef Abdur-Rahim,M,23,202,104,United States,USA,2000 Summer,2000,Summer,Sydney,Basketball,Basketball Men's Basketball,Gold
352,Sherzod Abdurahmonov,M,22,178,73,Uzbekistan,UZB,2004 Summer,2004,Summer,Athina,Boxing,Boxing Men's Middleweight,none
353,Rasul Abduraim,M,19,183,74,Kyrgyzstan,KGZ,2008 Summer,2008,Summer,Beijing,Taekwondo,Taekwondo Men's Featherweight,none
353,Rasul Abduraim,M,23,183,74,Kyrgyzstan,KGZ,2012 Summer,2012,Summer,London,Taekwondo,Taekwondo Men's Welterweight,none
354,Bekzod Makhamadzhonovich Abdurakhmonov,M,26,172,74,Uzbekistan,UZB,2016 Summer,2016,Summer,Rio de Janeiro,Wrestling,"Wrestling Men's Middleweight, Freestyle",none
355,Mukhamadmurod Abdurakhmonov,M,29,192,117,Tajikistan,TJK,2016 Summer,2016,Summer,Rio de Janeiro,Judo,Judo Men's Heavyweight,none
356,Adlan Aliyevich Abdurashidov,M,26,172,60,Russia,RUS,2016 Summer,2016,Summer,Rio de Janeiro,Boxing,Boxing Men's Lightweight,none
357,Yusup Abdusalomov,M,34,170,84,Tajikistan,TJK,2012 Summer,2012,Summer,London,Wrestling,"Wrestling Men's Light-Heavyweight, Freestyle",none
357,Yusup Abdusalomov,M,26,170,84,Tajikistan,TJK,2004 Summer,2004,Summer,Athina,Wrestling,"Wrestling Men's Middleweight, Freestyle",none
357,Yusup Abdusalomov,M,30,170,84,Tajikistan,TJK,2008 Summer,2008,Summer,Beijing,Wrestling,"Wrestling Men's Light-Heavyweight, Freestyle",Silver
359,Andrey Khakimovich Abduvaliyev,M,26,190,125,Unified Team,EUN,1992 Summer,1992,Summer,Barcelona,Athletics,Athletics Men's Hammer Throw,Gold
359,Andrey Khakimovich Abduvaliyev,M,34,190,125,Uzbekistan,UZB,2000 Summer,2000,Summer,Sydney,Athletics,Athletics Men's Hammer Throw,none
360,Dzhamolidin Mirgarifanovich Abduzhaparov,M,32,174,72,Uzbekistan,UZB,1996 Summer,1996,Summer,Atlanta,Cycling,"Cycling Men's Road Race, Individual",none
360,Dzhamolidin Mirgarifanovich Abduzhaparov,M,24,174,72,Soviet Union,URS,1988 Summer,1988,Summer,Seoul,Cycling,"Cycling Men's Road Race, Individual",none
361,Aybek Abdymomunov,M,18,162,54,Kyrgyzstan,KGZ,2004 Summer,2004,Summer,Athina,Boxing,Boxing Men's Bantamweight,none
362,Isao Ko Abe,M,24,177,75,Japan,JPN,1936 Summer,1936,Summer,Berlin,Athletics,Athletics Men's Hammer Throw,none
363,Kazumi Abe,M,28,178,67,Japan,JPN,1976 Winter,1976,Winter,Innsbruck,Bobsleigh,Bobsleigh Men's Four,none
363,Kazumi Abe,M,24,178,67,Japan-1,JPN,1972 Winter,1972,Winter,Sapporo,Bobsleigh,Bobsleigh Men's Four,none
363,Kazumi Abe,M,28,178,67,Japan-1,JPN,1976 Winter,1976,Winter,Innsbruck,Bobsleigh,Bobsleigh Men's Two,none
363,Kazumi Abe,M,24,178,67,Japan-1,JPN,1972 Winter,1972,Winter,Sapporo,Bobsleigh,Bobsleigh Men's Two,none
364,Kazuo Abe,M,25,166,69,Japan,JPN,1960 Summer,1960,Summer,Roma,Wrestling,"Wrestling Men's Lightweight, Freestyle",none
365,Kinya Abe,M,23,168,68,Japan,JPN,1992 Summer,1992,Summer,Barcelona,Fencing,"Fencing Men's Foil, Individual",none
366,Kiyoshi Abe,M,25,167,62,Japan,JPN,1972 Summer,1972,Summer,Munich,Wrestling,"Wrestling Men's Featherweight, Freestyle",none
367,Masashi Abe,M,28,175,64,Japan,JPN,1994 Winter,1994,Winter,Lillehammer,Nordic Combined,Nordic Combined Men's Team,Gold
367,Masashi Abe,M,26,175,64,Japan,JPN,1992 Winter,1992,Winter,Albertville,Nordic Combined,Nordic Combined Men's Individual,none
367,Masashi Abe,M,22,175,64,Japan,JPN,1988 Winter,1988,Winter,Calgary,Nordic Combined,Nordic Combined Men's Individual,none
367,Masashi Abe,M,28,175,64,Japan,JPN,1994 Winter,1994,Winter,Lillehammer,Nordic Combined,Nordic Combined Men's Individual,none
367,Masashi Abe,M,22,175,64,Japan,JPN,1988 Winter,1988,Winter,Calgary,Nordic Combined,Nordic Combined Men's Team,none
368,Naoki Abe,M,23,173,68,Japan,JPN,1968 Summer,1968,Summer,Mexico City,Athletics,Athletics Men's 4 x 100 metres Relay,none
368,Naoki Abe,M,23,173,68,Japan,JPN,1968 Summer,1968,Summer,Mexico City,Athletics,Athletics Men's Long Jump,none
370,Shigeaki Abe,M,28,178,70,Japan,JPN,1976 Summer,1976,Summer,Montreal,Basketball,Basketball Men's Basketball,none
370,Shigeaki Abe,M,24,178,70,Japan,JPN,1972 Summer,1972,Summer,Munich,Basketball,Basketball Men's Basketball,none
371,Shinnosuke Abe,M,29,179,91,Japan,JPN,2008 Summer,2008,Summer,Beijing,Baseball,Baseball Men's Baseball,none
371,Shinnosuke Abe,M,21,179,91,Japan,JPN,2000 Summer,2000,Summer,Sydney,Baseball,Baseball Men's Baseball,none
372,"Sanshiro ""Sonny"" Abe",M,26,166,57,Japan,JPN,1996 Summer,1996,Summer,Atlanta,Wrestling,"Wrestling Men's Bantamweight, Freestyle",none
373,Tadashi Abe,M,29,190,80,Japan,JPN,1992 Summer,1992,Summer,Barcelona,Rowing,Rowing Men's Coxed Eights,none
373,Tadashi Abe,M,25,190,80,Japan,JPN,1988 Summer,1988,Summer,Seoul,Rowing,Rowing Men's Coxed Eights,none
373,Tadashi Abe,M,21,190,80,Japan,JPN,1984 Summer,1984,Summer,Los Angeles,Rowing,Rowing Men's Coxed Fours,none
374,Tadatoshi Abe,M,28,170,60,Japan,JPN,1960 Summer,1960,Summer,Roma,Hockey,Hockey Men's Hockey,none
375,Wakako Abe,F,18,168,60,Japan,JPN,1984 Summer,1984,Summer,Los Angeles,Cycling,"Cycling Women's Road Race, Individual",none
376,Yoshiyuki Abe,M,31,175,67,Japan,JPN,2000 Summer,2000,Summer,Sydney,Cycling,"Cycling Men's Road Race, Individual",none
377,Yuki Abe,M,22,177,75,Japan,JPN,2004 Summer,2004,Summer,Athina,Football,Football Men's Football,none
379,Addis Abebe,M,21,160,50,Ethiopia,ETH,1992 Summer,1992,Summer,Barcelona,Athletics,"Athletics Men's 10,000 metres",Bronze
379,Addis Abebe,M,21,160,50,Ethiopia,ETH,1992 Summer,1992,Summer,Barcelona,Athletics,"Athletics Men's 5,000 metres",none
380,Biruk Abebe,M,22,173,62,Ethiopia,ETH,1992 Summer,1992,Summer,Barcelona,Cycling,Cycling Men's 100 kilometres Team Time Trial,none
380,Biruk Abebe,M,22,173,62,Ethiopia,ETH,1992 Summer,1992,Summer,Barcelona,Cycling,"Cycling Men's Road Race, Individual",none
381,Benaissa Abed,M,23,170,51,Algeria,ALG,1988 Summer,1988,Summer,Seoul,Boxing,Boxing Men's Flyweight,none
383,Mojtaba Abedini Shormasti,M,27,180,83,Iran,IRI,2012 Summer,2012,Summer,London,Fencing,"Fencing Men's Sabre, Individual",none
383,Mojtaba Abedini Shormasti,M,31,180,83,Iran,IRI,2016 Summer,2016,Summer,Rio de Janeiro,Fencing,"Fencing Men's Sabre, Individual",none
386,Alexandre Abeid,M,26,194,92,Brazil,BRA,1976 Summer,1976,Summer,Montreal,Volleyball,Volleyball Men's Volleyball,none
386,Alexandre Abeid,M,22,194,92,Brazil,BRA,1972 Summer,1972,Summer,Munich,Volleyball,Volleyball Men's Volleyball,none
387,Sonia Abejn Esteban,F,19,169,48,Spain,ESP,2004 Summer,2004,Summer,Athina,Rhythmic Gymnastics,Rhythmic Gymnastics Women's Group,none
388,Abel Carlos da Silva Braga,M,19,190,73,Brazil,BRA,1972 Summer,1972,Summer,Munich,Football,Football Men's Football,none
390,Brooke Abel,F,20,163,52,United States,USA,2008 Summer,2008,Summer,Beijing,Synchronized Swimming,Synchronized Swimming Women's Team,none
391,Clarence John Abel,M,23,185,102,United States,USA,1924 Winter,1924,Winter,Chamonix,Ice Hockey,Ice Hockey Men's Ice Hockey,Silver
393,Gnther Abel,M,19,183,80,West Germany,FRG,1976 Winter,1976,Winter,Innsbruck,Nordic Combined,Nordic Combined Men's Individual,none
393,Gnther Abel,M,23,183,80,West Germany,FRG,1980 Winter,1980,Winter,Lake Placid,Nordic Combined,Nordic Combined Men's Individual,none
394,Irene Abel,F,19,160,48,East Germany,GDR,1972 Summer,1972,Summer,Munich,Gymnastics,Gymnastics Women's Balance Beam,none
394,Irene Abel,F,19,160,48,East Germany,GDR,1972 Summer,1972,Summer,Munich,Gymnastics,Gymnastics Women's Floor Exercise,none
394,Irene Abel,F,19,160,48,East Germany,GDR,1972 Summer,1972,Summer,Munich,Gymnastics,Gymnastics Women's Horse Vault,none
394,Irene Abel,F,19,160,48,East Germany,GDR,1972 Summer,1972,Summer,Munich,Gymnastics,Gymnastics Women's Individual All-Around,none
394,Irene Abel,F,19,160,48,East Germany,GDR,1972 Summer,1972,Summer,Munich,Gymnastics,Gymnastics Women's Uneven Bars,none
394,Irene Abel,F,19,160,48,East Germany,GDR,1972 Summer,1972,Summer,Munich,Gymnastics,Gymnastics Women's Team All-Around,Silver
395,Jennifer Abel,F,20,160,62,Canada,CAN,2012 Summer,2012,Summer,London,Diving,Diving Women's Synchronized Springboard,Bronze
395,Jennifer Abel,F,16,160,62,Canada,CAN,2008 Summer,2008,Summer,Beijing,Diving,Diving Women's Springboard,none
395,Jennifer Abel,F,20,160,62,Canada,CAN,2012 Summer,2012,Summer,London,Diving,Diving Women's Springboard,none
395,Jennifer Abel,F,24,160,62,Canada,CAN,2016 Summer,2016,Summer,Rio de Janeiro,Diving,Diving Women's Springboard,none
395,Jennifer Abel,F,24,160,62,Canada,CAN,2016 Summer,2016,Summer,Rio de Janeiro,Diving,Diving Women's Synchronized Springboard,none
396,Katja Abel,F,25,165,55,Germany,GER,2008 Summer,2008,Summer,Beijing,Gymnastics,Gymnastics Women's Balance Beam,none
396,Katja Abel,F,25,165,55,Germany,GER,2008 Summer,2008,Summer,Beijing,Gymnastics,Gymnastics Women's Floor Exercise,none
396,Katja Abel,F,25,165,55,Germany,GER,2008 Summer,2008,Summer,Beijing,Gymnastics,Gymnastics Women's Individual All-Around,none
396,Katja Abel,F,25,165,55,Germany,GER,2008 Summer,2008,Summer,Beijing,Gymnastics,Gymnastics Women's Team All-Around,none
396,Katja Abel,F,25,165,55,Germany,GER,2008 Summer,2008,Summer,Beijing,Gymnastics,Gymnastics Women's Uneven Bars,none
397,Mara Abel Diguez,F,25,163,46,Spain,ESP,2000 Summer,2000,Summer,Sydney,Athletics,"Athletics Women's 10,000 metres",none
397,Mara Abel Diguez,F,29,163,46,Spain,ESP,2004 Summer,2004,Summer,Athina,Athletics,Athletics Women's Marathon,none
402,Arthur Abele,M,22,184,85,Germany,GER,2008 Summer,2008,Summer,Beijing,Athletics,Athletics Men's Decathlon,none
402,Arthur Abele,M,30,184,85,Germany,GER,2016 Summer,2016,Summer,Rio de Janeiro,Athletics,Athletics Men's Decathlon,none
403,Ruth Abeles,F,18,153,48,Israel,ISR,1960 Summer,1960,Summer,Roma,Gymnastics,Gymnastics Women's Balance Beam,none
403,Ruth Abeles,F,18,153,48,Israel,ISR,1960 Summer,1960,Summer,Roma,Gymnastics,Gymnastics Women's Floor Exercise,none
403,Ruth Abeles,F,18,153,48,Israel,ISR,1960 Summer,1960,Summer,Roma,Gymnastics,Gymnastics Women's Horse Vault,none
403,Ruth Abeles,F,18,153,48,Israel,ISR,1960 Summer,1960,Summer,Roma,Gymnastics,Gymnastics Women's Individual All-Around,none
403,Ruth Abeles,F,18,153,48,Israel,ISR,1960 Summer,1960,Summer,Roma,Gymnastics,Gymnastics Women's Uneven Bars,none
405,Jos Javier Abella Fanjul,M,22,176,66,Mexico,MEX,2016 Summer,2016,Summer,Rio de Janeiro,Football,Football Men's Football,none
